﻿<?xml version="1.0" encoding="utf-8" ?>
<Advertisements>
  <Ad>
    <ImageUrl>~/Images/img1.jpg</ImageUrl>
    <NavigateUrl>Default2.aspx</NavigateUrl>
    <AlternateText>msn site</AlternateText>
    <Impression>20</Impression>
    <Keyword>MSN</Keyword>
  </Ad>

  <Ad>
    <ImageUrl>~/Images/img2.jpg</ImageUrl>
    <NavigateUrl>Default2.aspx</NavigateUrl>
    <AlternateText>Indiatimes site</AlternateText>
    <Impression>15</Impression>
    <Keyword>INDIATIMES</Keyword>
  </Ad>

  <Ad>
    <ImageUrl>~/Images/img3.jpg</ImageUrl>
    <NavigateUrl>Default2.aspx</NavigateUrl>
    <AlternateText>yahoo site</AlternateText>
    <Impression>20</Impression>
    <Keyword>YAHOO</Keyword>
  </Ad>
</Advertisements>
